accuracy	loss	val_accuracy	val_loss
0.8945000171661377	0.3562714755535126	0.9506000280380249	0.15843917429447174
0.9568666815757751	0.14249221980571747	0.9670000076293945	0.11089397966861725
0.9685666561126709	0.10307297855615616	0.9726999998092651	0.09040525555610657
0.9736666679382324	0.08591542392969131	0.9750000238418579	0.07928058505058289
0.9768833518028259	0.07568123191595078	0.9764000177383423	0.07168810814619064
